,user_id,recomendaciones
0,76561197970982479,"['Alan Wake', 'Arma II: DayZ Mod', 'RIFT', 'Secret World Legends', 'Half-Life 2: Deathmatch']"
1,76561197970982479,"['Alan Wake', 'Arma II: DayZ Mod', 'RIFT', 'Secret World Legends', 'Half-Life 2: Deathmatch']"
2,js41637,"['RIFT', 'FINAL FANTASY VII', 'Call of Duty®: Black Ops', 'Dust: An Elysian Tail', 'Dead Rising 3 Apocalypse Edition']"
3,js41637,"['RIFT', 'FINAL FANTASY VII', 'Call of Duty®: Black Ops', 'Dust: An Elysian Tail', 'Dead Rising 3 Apocalypse Edition']"
4,evcentric,"['Arma II: DayZ Mod', 'RIFT', 'Mark of the Ninja', 'Halo: Spartan Assault', 'Portal Stories: Mel']"
5,evcentric,"['Arma II: DayZ Mod', 'RIFT', 'Mark of the Ninja', 'Halo: Spartan Assault', 'Portal Stories: Mel']"
6,evcentric,"['Arma II: DayZ Mod', 'RIFT', 'Mark of the Ninja', 'Halo: Spartan Assault', 'Portal Stories: Mel']"
7,evcentric,"['Arma II: DayZ Mod', 'RIFT', 'Mark of the Ninja', 'Halo: Spartan Assault', 'Portal Stories: Mel']"
8,evcentric,"['Arma II: DayZ Mod', 'RIFT', 'Mark of the Ninja', 'Halo: Spartan Assault', 'Portal Stories: Mel']"
9,doctr,"['Transistor', 'Magicite', 'Bastion', 'Screencheat', 'Call of Duty®: Black Ops']"
10,doctr,"['Transistor', 'Magicite', 'Bastion', 'Screencheat', 'Call of Duty®: Black Ops']"
11,doctr,"['Transistor', 'Magicite', 'Bastion', 'Screencheat', 'Call of Duty®: Black Ops']"
12,doctr,"['Transistor', 'Magicite', 'Bastion', 'Screencheat', 'Call of Duty®: Black Ops']"
13,doctr,"['Transistor', 'Magicite', 'Bastion', 'Screencheat', 'Call of Duty®: Black Ops']"
14,doctr,"['Transistor', 'Magicite', 'Bastion', 'Screencheat', 'Call of Duty®: Black Ops']"
15,maplemage,"['Sniper Elite 3', 'Half-Life 2: Deathmatch', 'Wild Warfare', 'Arma II: DayZ Mod', 'Everlasting Summer']"
16,maplemage,"['Sniper Elite 3', 'Half-Life 2: Deathmatch', 'Wild Warfare', 'Arma II: DayZ Mod', 'Everlasting Summer']"
17,maplemage,"['Sniper Elite 3', 'Half-Life 2: Deathmatch', 'Wild Warfare', 'Arma II: DayZ Mod', 'Everlasting Summer']"
18,maplemage,"['Sniper Elite 3', 'Half-Life 2: Deathmatch', 'Wild Warfare', 'Arma II: DayZ Mod', 'Everlasting Summer']"
19,Wackky,"['Call of Duty®: Black Ops', 'Guns of Icarus Online', 'Psychonauts', 'RIFT', 'Heroes & Generals']"
20,Wackky,"['Call of Duty®: Black Ops', 'Guns of Icarus Online', 'Psychonauts', 'RIFT', 'Heroes & Generals']"
21,Wackky,"['Call of Duty®: Black Ops', 'Guns of Icarus Online', 'Psychonauts', 'RIFT', 'Heroes & Generals']"
22,Wackky,"['Call of Duty®: Black Ops', 'Guns of Icarus Online', 'Psychonauts', 'RIFT', 'Heroes & Generals']"
23,Wackky,"['Call of Duty®: Black Ops', 'Guns of Icarus Online', 'Psychonauts', 'RIFT', 'Heroes & Generals']"
24,76561198089393905,"['RIFT', 'Alan Wake', 'Arma II: DayZ Mod', ""The Witcher: Enhanced Edition Director's Cut"", 'Bastion']"
25,76561198077246154,"['Call of Duty: World at War', 'Call of Duty®: Black Ops', 'Alan Wake', 'RIFT', 'Gunpoint']"
26,WeiEDKrSat,"['Red Crucible®: Firestorm', 'Alan Wake', 'Tales from the Borderlands', 'Half-Life 2: Deathmatch', 'Arma II: DayZ Mod']"
27,thequeenpanda,"['RIFT', 'Alan Wake', 'Arma II: DayZ Mod', ""The Witcher: Enhanced Edition Director's Cut"", 'Bastion']"
28,death-hunter,"['RIFT', 'Aliens versus Predator Classic 2000', 'Just Cause 2: Multiplayer Mod', 'Rogue Legacy', 'Dying Light']"
29,death-hunter,"['RIFT', 'Aliens versus Predator Classic 2000', 'Just Cause 2: Multiplayer Mod', 'Rogue Legacy', 'Dying Light']"
30,death-hunter,"['RIFT', 'Aliens versus Predator Classic 2000', 'Just Cause 2: Multiplayer Mod', 'Rogue Legacy', 'Dying Light']"
31,DJKamBer,"['Bleed', 'Alan Wake', 'Farming Simulator 2013 Titanium Edition', 'Bastion', 'Blades of Time']"
32,DJKamBer,"['Bleed', 'Alan Wake', 'Farming Simulator 2013 Titanium Edition', 'Bastion', 'Blades of Time']"
33,DJKamBer,"['Bleed', 'Alan Wake', 'Farming Simulator 2013 Titanium Edition', 'Bastion', 'Blades of Time']"
34,DJKamBer,"['Bleed', 'Alan Wake', 'Farming Simulator 2013 Titanium Edition', 'Bastion', 'Blades of Time']"
35,Rainbow-Dashie,"['Soldier Front 2', 'Alan Wake', 'Command & Conquer: Red Alert 3', 'Halo: Spartan Assault', 'Machinarium']"
36,Rainbow-Dashie,"['Soldier Front 2', 'Alan Wake', 'Command & Conquer: Red Alert 3', 'Halo: Spartan Assault', 'Machinarium']"
37,Rainbow-Dashie,"['Soldier Front 2', 'Alan Wake', 'Command & Conquer: Red Alert 3', 'Halo: Spartan Assault', 'Machinarium']"
38,MarbleShrine,"['Call of Duty®: Black Ops', 'Machinarium', 'Medieval II: Total War™', 'Warhammer: End Times - Vermintide', 'Age of Empires II HD']"
39,PPanther,"['Halo: Spartan Assault', 'Without Within', 'The Swapper', 'DG2: Defense Grid 2', ""The Witcher: Enhanced Edition Director's Cut""]"
40,devvonst,"['Arma II: DayZ Mod', 'Half-Life 2: Deathmatch', 'Murder Miners', 'Alan Wake', 'BioShock Infinite']"
41,devvonst,"['Arma II: DayZ Mod', 'Half-Life 2: Deathmatch', 'Murder Miners', 'Alan Wake', 'BioShock Infinite']"
42,devvonst,"['Arma II: DayZ Mod', 'Half-Life 2: Deathmatch', 'Murder Miners', 'Alan Wake', 'BioShock Infinite']"
43,starkillershadow553,"['Rogue Legacy', 'STAR WARS™ Empire at War - Gold Pack', 'Portal Stories: Mel', 'RIFT', ""King Arthur's Gold""]"
44,starkillershadow553,"['Rogue Legacy', 'STAR WARS™ Empire at War - Gold Pack', 'Portal Stories: Mel', 'RIFT', ""King Arthur's Gold""]"
45,76561198058373434,"['RIFT', 'Alan Wake', 'Arma II: DayZ Mod', ""The Witcher: Enhanced Edition Director's Cut"", 'Bastion']"
46,76561198048353577,"['GRID 2', 'Half-Life: Source', 'Alan Wake', 'Magicite', ""Wasteland 2: Director's Cut""]"
47,76561198048353577,"['GRID 2', 'Half-Life: Source', 'Alan Wake', 'Magicite', ""Wasteland 2: Director's Cut""]"
48,76561198066046412,"['RIFT', 'Alan Wake', 'Arma II: DayZ Mod', ""The Witcher: Enhanced Edition Director's Cut"", 'Bastion']"
49,tru_mu_,"['RIFT', 'Alan Wake', 'Arma II: DayZ Mod', ""The Witcher: Enhanced Edition Director's Cut"", 'Bastion']"
50,76561198070565427,"['Alan Wake', ""King Arthur's Gold"", 'Arma II: DayZ Mod', 'Rome: Total War™ - Collection', 'Chaos Reborn']"
51,76561198070565427,"['Alan Wake', ""King Arthur's Gold"", 'Arma II: DayZ Mod', 'Rome: Total War™ - Collection', 'Chaos Reborn']"
52,76561198070565427,"['Alan Wake', ""King Arthur's Gold"", 'Arma II: DayZ Mod', 'Rome: Total War™ - Collection', 'Chaos Reborn']"
53,SavageEeEe,"['RIFT', ""The Witcher: Enhanced Edition Director's Cut"", 'Age of Empires® III: Complete Collection', 'Shadowrun Returns', 'Next Car Game: Wreckfest']"
54,KanadeTheNeko,"['RIFT', 'Halo: Spartan Assault', ""The Witcher: Enhanced Edition Director's Cut"", 'GRID 2', 'Unpossible']"
55,KanadeTheNeko,"['RIFT', 'Halo: Spartan Assault', ""The Witcher: Enhanced Edition Director's Cut"", 'GRID 2', 'Unpossible']"
56,GoAwayZach,"['RIFT', 'Alan Wake', 'Arma II: DayZ Mod', ""The Witcher: Enhanced Edition Director's Cut"", 'Bastion']"
57,76561198054540475,"['Call of Duty®: Black Ops', 'Arma II: DayZ Mod', 'RIFT', 'Mass Effect 2', 'Soldier Front 2']"
58,76561198061252210,"['EDGE', 'Alan Wake', 'Dragon Nest', 'Aperture Tag: The Paint Gun Testing Initiative', 'Magicite']"
59,OfficialShroomsy,"['Bastion', 'Warframe', ""The Witcher: Enhanced Edition Director's Cut"", 'Call of Duty®: Black Ops', 'Alan Wake']"
60,boydeer,"['Alan Wake', 'IL-2 Sturmovik: 1946', 'Arma II: DayZ Mod', 'Machinarium', 'Worms Reloaded']"
61,VVillis,"['RIFT', 'Alan Wake', 'Arma II: DayZ Mod', ""The Witcher: Enhanced Edition Director's Cut"", 'Bastion']"
62,76561198083226897,"['RIFT', 'Alan Wake', 'Arma II: DayZ Mod', ""The Witcher: Enhanced Edition Director's Cut"", 'Bastion']"
63,76561198075277292,"['Alan Wake', 'Without Within', 'The Swapper', 'Remember Me', 'Halo: Spartan Assault']"
64,76561198028895010,"['RIFT', 'Alan Wake', 'Arma II: DayZ Mod', ""The Witcher: Enhanced Edition Director's Cut"", 'Bastion']"
65,diego9031,"['Half-Life 2: Deathmatch', 'Alan Wake', 'Mass Effect 2', 'Magicite', 'Yet Another Zombie Defense']"
66,diego9031,"['Half-Life 2: Deathmatch', 'Alan Wake', 'Mass Effect 2', 'Magicite', 'Yet Another Zombie Defense']"
67,diego9031,"['Half-Life 2: Deathmatch', 'Alan Wake', 'Mass Effect 2', 'Magicite', 'Yet Another Zombie Defense']"
68,diego9031,"['Half-Life 2: Deathmatch', 'Alan Wake', 'Mass Effect 2', 'Magicite', 'Yet Another Zombie Defense']"
69,diego9031,"['Half-Life 2: Deathmatch', 'Alan Wake', 'Mass Effect 2', 'Magicite', 'Yet Another Zombie Defense']"
70,diego9031,"['Half-Life 2: Deathmatch', 'Alan Wake', 'Mass Effect 2', 'Magicite', 'Yet Another Zombie Defense']"
71,diego9031,"['Half-Life 2: Deathmatch', 'Alan Wake', 'Mass Effect 2', 'Magicite', 'Yet Another Zombie Defense']"
72,diego9031,"['Half-Life 2: Deathmatch', 'Alan Wake', 'Mass Effect 2', 'Magicite', 'Yet Another Zombie Defense']"
73,jarrodtrim,"['Contrast', 'Monster Loves You!', ""The Witcher: Enhanced Edition Director's Cut"", 'RIFT', 'STAR WARS™ - Knights of the Old Republic™']"
74,76561198067936203,"['Arma II: DayZ Mod', 'Dragon Nest', 'Alan Wake', 'Transistor', 'Homeworld Remastered Collection']"
75,76561198087586464,"['Half-Life 2: Deathmatch', 'RIFT', 'Call of Juarez® Gunslinger', 'Alan Wake', 'Just Cause 2: Multiplayer Mod']"
76,Derp-e,"['FINAL FANTASY VII', 'Dead Rising 3 Apocalypse Edition', 'Gunpoint', 'Soldier Front 2', 'Mark of the Ninja']"
77,76561198070194565,"['RIFT', 'Without Within', 'METAL GEAR SOLID V: GROUND ZEROES', 'Mafia II', 'Infinifactory']"
78,Rivtex,"['Arma II: DayZ Mod', 'Half-Life 2: Deathmatch', 'Magicite', 'Guacamelee! Gold Edition', ""King Arthur's Gold""]"
79,UTNerd24,"['Worms Reloaded', 'Tales from the Borderlands', 'Arma II: DayZ Mod', 'Call of Duty®: Black Ops', 'Alan Wake']"
80,UTNerd24,"['Worms Reloaded', 'Tales from the Borderlands', 'Arma II: DayZ Mod', 'Call of Duty®: Black Ops', 'Alan Wake']"
81,UTNerd24,"['Worms Reloaded', 'Tales from the Borderlands', 'Arma II: DayZ Mod', 'Call of Duty®: Black Ops', 'Alan Wake']"
82,UTNerd24,"['Worms Reloaded', 'Tales from the Borderlands', 'Arma II: DayZ Mod', 'Call of Duty®: Black Ops', 'Alan Wake']"
83,UTNerd24,"['Worms Reloaded', 'Tales from the Borderlands', 'Arma II: DayZ Mod', 'Call of Duty®: Black Ops', 'Alan Wake']"
84,sandwiches1,"['Tales from the Borderlands', 'Arma II: DayZ Mod', 'Fishing Planet', 'Magic Duels', ""The Witcher: Enhanced Edition Director's Cut""]"
85,lucaswerg,"['Call of Duty®: Black Ops', 'STAR WARS™ - Knights of the Old Republic™', 'Dead Rising 3 Apocalypse Edition', 'RIFT', 'Halo: Spartan Assault']"
86,Life-Of-Blu,"['Mount & Blade', 'Farming Simulator 2013 Titanium Edition', 'Alan Wake', ""Don't Starve: Shipwrecked"", 'Halo: Spartan Assault']"
87,Life-Of-Blu,"['Mount & Blade', 'Farming Simulator 2013 Titanium Edition', 'Alan Wake', ""Don't Starve: Shipwrecked"", 'Halo: Spartan Assault']"
88,CaptianAutismo,"['FINAL FANTASY XIV Online', 'Call of Duty®: Black Ops', 'Magic Duels', 'S.T.A.L.K.E.R.: Call of Pripyat', 'Bastion']"
89,76561198075895633,"[""The Witcher: Enhanced Edition Director's Cut"", 'Alan Wake', 'Tropico 4', 'Beat Hazard', 'RIFT']"
90,kube134,"['RIFT', 'Alan Wake', 'Arma II: DayZ Mod', ""The Witcher: Enhanced Edition Director's Cut"", 'Bastion']"
91,iamthekingofbrowntown,"['Call of Duty®: Black Ops', 'Gunpoint', 'RIFT', 'Call of Juarez® Gunslinger', ""The Witcher: Enhanced Edition Director's Cut""]"
92,iamthekingofbrowntown,"['Call of Duty®: Black Ops', 'Gunpoint', 'RIFT', 'Call of Juarez® Gunslinger', ""The Witcher: Enhanced Edition Director's Cut""]"
93,iamthekingofbrowntown,"['Call of Duty®: Black Ops', 'Gunpoint', 'RIFT', 'Call of Juarez® Gunslinger', ""The Witcher: Enhanced Edition Director's Cut""]"
94,yookobz,"['Contrast', 'Call of Juarez® Gunslinger', 'Arma II: DayZ Mod', 'DG2: Defense Grid 2', 'Alan Wake']"
95,yookobz,"['Contrast', 'Call of Juarez® Gunslinger', 'Arma II: DayZ Mod', 'DG2: Defense Grid 2', 'Alan Wake']"
96,Posiblydead,"['Transistor', 'Alan Wake', 'RIFT', 'Total War: ATTILA', 'Half-Life 2: Deathmatch']"
97,Posiblydead,"['Transistor', 'Alan Wake', 'RIFT', 'Total War: ATTILA', 'Half-Life 2: Deathmatch']"
98,Posiblydead,"['Transistor', 'Alan Wake', 'RIFT', 'Total War: ATTILA', 'Half-Life 2: Deathmatch']"
99,Mossy_Gaming,"['Bastion', 'Remember Me', 'Mass Effect', 'S.T.A.L.K.E.R.: Call of Pripyat', 'Trine 2: Complete Story']"
100,76561198102421718,"['Arma II: DayZ Mod', 'Alan Wake', 'BioShock Infinite', 'Bastion', 'Bleed']"
101,76561198102421718,"['Arma II: DayZ Mod', 'Alan Wake', 'BioShock Infinite', 'Bastion', 'Bleed']"
102,76561198087407319,"['Magicite', 'Portal Stories: Mel', ""The Witcher: Enhanced Edition Director's Cut"", 'Alan Wake', 'Mass Effect']"
103,76561198056741844,"['RIFT', 'Call of Duty®: Black Ops', 'Portal Stories: Mel', ""Far Cry® 2: Fortune's Edition"", 'Arma II: DayZ Mod']"
104,sad-commie,"['Alan Wake', 'Bastion', 'Arma II: DayZ Mod', 'Risk of Rain', 'Call of Duty®: Black Ops']"
105,sad-commie,"['Alan Wake', 'Bastion', 'Arma II: DayZ Mod', 'Risk of Rain', 'Call of Duty®: Black Ops']"
106,76561198030567998,"['RIFT', 'Starbound', 'Guacamelee! Gold Edition', 'FINAL FANTASY VII', ""The Witcher: Enhanced Edition Director's Cut""]"
107,76561198030567998,"['RIFT', 'Starbound', 'Guacamelee! Gold Edition', 'FINAL FANTASY VII', ""The Witcher: Enhanced Edition Director's Cut""]"
108,76561198030567998,"['RIFT', 'Starbound', 'Guacamelee! Gold Edition', 'FINAL FANTASY VII', ""The Witcher: Enhanced Edition Director's Cut""]"
109,76561198030567998,"['RIFT', 'Starbound', 'Guacamelee! Gold Edition', 'FINAL FANTASY VII', ""The Witcher: Enhanced Edition Director's Cut""]"
110,76561198030567998,"['RIFT', 'Starbound', 'Guacamelee! Gold Edition', 'FINAL FANTASY VII', ""The Witcher: Enhanced Edition Director's Cut""]"
111,Coldaniel,"['Arma II: DayZ Mod', 'Bastion', 'Remember Me', 'RIFT', 'Just Cause 2: Multiplayer Mod']"
112,Coldaniel,"['Arma II: DayZ Mod', 'Bastion', 'Remember Me', 'RIFT', 'Just Cause 2: Multiplayer Mod']"
113,therealmorty,"['RIFT', 'Alan Wake', 'Arma II: DayZ Mod', ""The Witcher: Enhanced Edition Director's Cut"", 'Bastion']"
114,Berserklejerker,"['RIFT', 'Alan Wake', 'Arma II: DayZ Mod', ""The Witcher: Enhanced Edition Director's Cut"", 'Bastion']"
115,76561198061730629,"['Halo: Spartan Assault', 'Half-Life 2: Episode One', 'RIFT', 'Mass Effect', 'Yet Another Zombie Defense']"
116,YoHuNz,"[""King Arthur's Gold"", 'Age of Empires® III: Complete Collection', 'Half-Life 2: Deathmatch', 'The Talos Principle', 'Steel Ocean']"
117,possessioniskey,"['Magicite', 'Alan Wake', 'Dust: An Elysian Tail', 'Mark of the Ninja', 'Transistor']"
118,possessioniskey,"['Magicite', 'Alan Wake', 'Dust: An Elysian Tail', 'Mark of the Ninja', 'Transistor']"
119,76561198093112529,"['Halo: Spartan Assault', 'Dying Light', 'Guacamelee! Gold Edition', 'Alan Wake', 'Magicite']"
120,76561198060447950,"['Bastion', ""King Arthur's Gold"", 'Kingdom Wars', 'E.Y.E: Divine Cybermancy', 'Half-Life 2: Deathmatch']"
121,whiteofwolfing,"['RIFT', 'Arma II: DayZ Mod', 'Call of Duty®: Black Ops', 'Bastion', 'Red Crucible®: Firestorm']"
122,76561198081962345,"['Call of Duty: World at War', 'Alien Swarm', 'Dishonored', 'Guacamelee! Gold Edition', 'Trine Enchanted Edition']"
123,Nozomikat,"['Insurgency', 'Halo: Spartan Assault', 'Call of Duty®: Black Ops', 'Magicite', 'FINAL FANTASY® XIII']"
124,Nozomikat,"['Insurgency', 'Halo: Spartan Assault', 'Call of Duty®: Black Ops', 'Magicite', 'FINAL FANTASY® XIII']"
125,Nozomikat,"['Insurgency', 'Halo: Spartan Assault', 'Call of Duty®: Black Ops', 'Magicite', 'FINAL FANTASY® XIII']"
126,Nozomikat,"['Insurgency', 'Halo: Spartan Assault', 'Call of Duty®: Black Ops', 'Magicite', 'FINAL FANTASY® XIII']"
127,Nozomikat,"['Insurgency', 'Halo: Spartan Assault', 'Call of Duty®: Black Ops', 'Magicite', 'FINAL FANTASY® XIII']"
128,xfluttersx,"['Arma II: DayZ Mod', 'RIFT', 'Alan Wake', 'Psychonauts', 'Magic Duels']"
129,xfluttersx,"['Arma II: DayZ Mod', 'RIFT', 'Alan Wake', 'Psychonauts', 'Magic Duels']"
130,xfluttersx,"['Arma II: DayZ Mod', 'RIFT', 'Alan Wake', 'Psychonauts', 'Magic Duels']"
131,xfluttersx,"['Arma II: DayZ Mod', 'RIFT', 'Alan Wake', 'Psychonauts', 'Magic Duels']"
132,76561198056290589,"['METAL GEAR SOLID V: GROUND ZEROES', 'Arma II: DayZ Mod', 'Bastion', ""The Witcher: Enhanced Edition Director's Cut"", 'Trine 2: Complete Story']"
133,ii_voltage_ii,"[""The Witcher: Enhanced Edition Director's Cut"", 'Bastion', 'Machinarium', 'Arma II: DayZ Mod', 'METAL GEAR SOLID V: GROUND ZEROES']"
134,ii_voltage_ii,"[""The Witcher: Enhanced Edition Director's Cut"", 'Bastion', 'Machinarium', 'Arma II: DayZ Mod', 'METAL GEAR SOLID V: GROUND ZEROES']"
135,76561198097762318,"['Half-Life 2: Deathmatch', ""King Arthur's Gold"", ""The Witcher: Enhanced Edition Director's Cut"", 'Bastion', 'Next Car Game: Wreckfest']"
136,76561198097762318,"['Half-Life 2: Deathmatch', ""King Arthur's Gold"", ""The Witcher: Enhanced Edition Director's Cut"", 'Bastion', 'Next Car Game: Wreckfest']"
137,Hirukaz,"['RIFT', 'Bastion', ""The Witcher: Enhanced Edition Director's Cut"", 'Mark of the Ninja', 'Just Cause 2: Multiplayer Mod']"
138,StelerForYou,"['GRID Autosport', 'Bastion', 'Mount & Blade', 'DG2: Defense Grid 2', 'Alan Wake']"
139,StelerForYou,"['GRID Autosport', 'Bastion', 'Mount & Blade', 'DG2: Defense Grid 2', 'Alan Wake']"
140,76561198183396245,"[""The Witcher: Enhanced Edition Director's Cut"", 'Half-Life 2: Episode One', 'RIFT', 'GRID 2', 'METAL GEAR SOLID V: GROUND ZEROES']"
141,Xx-Woods,"['Lord of the Rings: War in the North', 'SPORE™ Galactic Adventures', 'Bastion', 'Alan Wake', ""The Witcher: Enhanced Edition Director's Cut""]"
142,Xx-Woods,"['Lord of the Rings: War in the North', 'SPORE™ Galactic Adventures', 'Bastion', 'Alan Wake', ""The Witcher: Enhanced Edition Director's Cut""]"
143,Xx-Woods,"['Lord of the Rings: War in the North', 'SPORE™ Galactic Adventures', 'Bastion', 'Alan Wake', ""The Witcher: Enhanced Edition Director's Cut""]"
144,Xx-Woods,"['Lord of the Rings: War in the North', 'SPORE™ Galactic Adventures', 'Bastion', 'Alan Wake', ""The Witcher: Enhanced Edition Director's Cut""]"
145,Xx-Woods,"['Lord of the Rings: War in the North', 'SPORE™ Galactic Adventures', 'Bastion', 'Alan Wake', ""The Witcher: Enhanced Edition Director's Cut""]"
146,Xx-Woods,"['Lord of the Rings: War in the North', 'SPORE™ Galactic Adventures', 'Bastion', 'Alan Wake', ""The Witcher: Enhanced Edition Director's Cut""]"
147,Xx-Woods,"['Lord of the Rings: War in the North', 'SPORE™ Galactic Adventures', 'Bastion', 'Alan Wake', ""The Witcher: Enhanced Edition Director's Cut""]"
148,kevinator23,"['Alan Wake', 'FINAL FANTASY XIV Online', 'Bastion', 'Call of Duty: World at War', 'Arma II: DayZ Mod']"
149,kevinator23,"['Alan Wake', 'FINAL FANTASY XIV Online', 'Bastion', 'Call of Duty: World at War', 'Arma II: DayZ Mod']"
150,kevinator23,"['Alan Wake', 'FINAL FANTASY XIV Online', 'Bastion', 'Call of Duty: World at War', 'Arma II: DayZ Mod']"
151,kevinator23,"['Alan Wake', 'FINAL FANTASY XIV Online', 'Bastion', 'Call of Duty: World at War', 'Arma II: DayZ Mod']"
152,kevinator23,"['Alan Wake', 'FINAL FANTASY XIV Online', 'Bastion', 'Call of Duty: World at War', 'Arma II: DayZ Mod']"
153,kevinator23,"['Alan Wake', 'FINAL FANTASY XIV Online', 'Bastion', 'Call of Duty: World at War', 'Arma II: DayZ Mod']"
154,76561198090715178,"['RIFT', 'Alan Wake', 'Arma II: DayZ Mod', ""The Witcher: Enhanced Edition Director's Cut"", 'Bastion']"
155,76561198090715178,"['RIFT', 'Alan Wake', 'Arma II: DayZ Mod', ""The Witcher: Enhanced Edition Director's Cut"", 'Bastion']"
156,CatsWhale,"['Mass Effect', 'RIFT', 'Bastion', 'Arma II: DayZ Mod', 'Next Car Game: Wreckfest']"
157,CatsWhale,"['Mass Effect', 'RIFT', 'Bastion', 'Arma II: DayZ Mod', 'Next Car Game: Wreckfest']"
158,CatsWhale,"['Mass Effect', 'RIFT', 'Bastion', 'Arma II: DayZ Mod', 'Next Car Game: Wreckfest']"
159,76561198073784601,"['Remember Me', 'Mortal Kombat Komplete Edition', ""Oddworld: Stranger's Wrath HD"", 'Transistor', 'The Swapper']"
160,mimimomoma,"['Alan Wake', 'Dragon Nest', ""The Witcher: Enhanced Edition Director's Cut"", 'RIFT', 'Bastion']"
161,76561198102410011,"['RIFT', 'Alan Wake', 'Arma II: DayZ Mod', ""The Witcher: Enhanced Edition Director's Cut"", 'Bastion']"
162,de_Butl3r,"['Arma II: DayZ Mod', 'RIFT', 'Halo: Spartan Assault', 'IL-2 Sturmovik: 1946', 'My Riding Stables: Life with Horses']"
163,Bluezap1,"['Just Cause 2: Multiplayer Mod', 'Halo: Spartan Assault', 'Trine 2: Complete Story', 'Magicite', 'Alan Wake']"
164,Bluezap1,"['Just Cause 2: Multiplayer Mod', 'Halo: Spartan Assault', 'Trine 2: Complete Story', 'Magicite', 'Alan Wake']"
165,Bluezap1,"['Just Cause 2: Multiplayer Mod', 'Halo: Spartan Assault', 'Trine 2: Complete Story', 'Magicite', 'Alan Wake']"
166,76561198074200011,"['Mark of the Ninja', 'Bastion', 'METAL GEAR SOLID V: GROUND ZEROES', 'Don Bradman Cricket 14', ""The Witcher: Enhanced Edition Director's Cut""]"
167,Lord_Exploit,"['Alan Wake', 'Solar 2', 'Dishonored', 'Prince of Persia®: The Sands of Time', 'Mass Effect']"
168,Lord_Exploit,"['Alan Wake', 'Solar 2', 'Dishonored', 'Prince of Persia®: The Sands of Time', 'Mass Effect']"
169,AVATAR715,"['Call of Duty®: Black Ops', 'Metro: Last Light Redux', 'Dead Rising 3 Apocalypse Edition', 'Halo: Spartan Assault', 'Farming Simulator 2013 Titanium Edition']"
170,AVATAR715,"['Call of Duty®: Black Ops', 'Metro: Last Light Redux', 'Dead Rising 3 Apocalypse Edition', 'Halo: Spartan Assault', 'Farming Simulator 2013 Titanium Edition']"
171,AVATAR715,"['Call of Duty®: Black Ops', 'Metro: Last Light Redux', 'Dead Rising 3 Apocalypse Edition', 'Halo: Spartan Assault', 'Farming Simulator 2013 Titanium Edition']"
172,AVATAR715,"['Call of Duty®: Black Ops', 'Metro: Last Light Redux', 'Dead Rising 3 Apocalypse Edition', 'Halo: Spartan Assault', 'Farming Simulator 2013 Titanium Edition']"
173,AVATAR715,"['Call of Duty®: Black Ops', 'Metro: Last Light Redux', 'Dead Rising 3 Apocalypse Edition', 'Halo: Spartan Assault', 'Farming Simulator 2013 Titanium Edition']"
174,AVATAR715,"['Call of Duty®: Black Ops', 'Metro: Last Light Redux', 'Dead Rising 3 Apocalypse Edition', 'Halo: Spartan Assault', 'Farming Simulator 2013 Titanium Edition']"
175,AVATAR715,"['Call of Duty®: Black Ops', 'Metro: Last Light Redux', 'Dead Rising 3 Apocalypse Edition', 'Halo: Spartan Assault', 'Farming Simulator 2013 Titanium Edition']"
176,76561198078752187,"['RIFT', 'Alan Wake', 'Arma II: DayZ Mod', ""The Witcher: Enhanced Edition Director's Cut"", 'Bastion']"
177,A-Very-Sly-Person,"['RIFT', 'Alan Wake', 'Arma II: DayZ Mod', ""The Witcher: Enhanced Edition Director's Cut"", 'Bastion']"
178,A-Very-Sly-Person,"['RIFT', 'Alan Wake', 'Arma II: DayZ Mod', ""The Witcher: Enhanced Edition Director's Cut"", 'Bastion']"
179,76561197994493402,"['Alan Wake', 'Shadowrun Returns', 'BioShock Infinite', ""The Witcher: Enhanced Edition Director's Cut"", 'Guacamelee! Gold Edition']"
180,76561197994493402,"['Alan Wake', 'Shadowrun Returns', 'BioShock Infinite', ""The Witcher: Enhanced Edition Director's Cut"", 'Guacamelee! Gold Edition']"
181,97396295,"['Bastion', ""The Witcher: Enhanced Edition Director's Cut"", 'Mark of the Ninja', 'RIFT', 'Mass Effect 2']"
182,97396295,"['Bastion', ""The Witcher: Enhanced Edition Director's Cut"", 'Mark of the Ninja', 'RIFT', 'Mass Effect 2']"
183,76561198126640317,"['Bastion', 'Transistor', ""The Witcher: Enhanced Edition Director's Cut"", 'Arma II: DayZ Mod', 'RIFT']"
184,76561198126640317,"['Bastion', 'Transistor', ""The Witcher: Enhanced Edition Director's Cut"", 'Arma II: DayZ Mod', 'RIFT']"
185,76561198126640317,"['Bastion', 'Transistor', ""The Witcher: Enhanced Edition Director's Cut"", 'Arma II: DayZ Mod', 'RIFT']"
186,76561198126640317,"['Bastion', 'Transistor', ""The Witcher: Enhanced Edition Director's Cut"", 'Arma II: DayZ Mod', 'RIFT']"
187,76561198126640317,"['Bastion', 'Transistor', ""The Witcher: Enhanced Edition Director's Cut"", 'Arma II: DayZ Mod', 'RIFT']"
188,DemonicWolvz,"['Transistor', 'Worms Reloaded', 'The Sims™ 3', 'Gods vs Humans', 'Mafia II']"
189,DemonicWolvz,"['Transistor', 'Worms Reloaded', 'The Sims™ 3', 'Gods vs Humans', 'Mafia II']"
190,DemonicWolvz,"['Transistor', 'Worms Reloaded', 'The Sims™ 3', 'Gods vs Humans', 'Mafia II']"
191,DemonicWolvz,"['Transistor', 'Worms Reloaded', 'The Sims™ 3', 'Gods vs Humans', 'Mafia II']"
192,DemonicWolvz,"['Transistor', 'Worms Reloaded', 'The Sims™ 3', 'Gods vs Humans', 'Mafia II']"
193,DemonicWolvz,"['Transistor', 'Worms Reloaded', 'The Sims™ 3', 'Gods vs Humans', 'Mafia II']"
194,DieMadchenschanderin,"['RIFT', 'Alan Wake', 'Arma II: DayZ Mod', ""The Witcher: Enhanced Edition Director's Cut"", 'Bastion']"
195,getf0kinn0sc0pedm9,"['Geometry Dash', 'METAL GEAR SOLID V: GROUND ZEROES', 'Command & Conquer: Red Alert 3', 'Portal Stories: Mel', 'Rome: Total War™ - Collection']"
196,76561198141443390,"['Alan Wake', 'Contrast', 'Half-Life 2: Deathmatch', 'Shadow Warrior', 'Microsoft Flight Simulator X: Steam Edition']"
197,whodafuqisthisguilao,"['Call of Duty®: Black Ops', 'Without Within', 'Arma II: DayZ Mod', 'Transistor', 'Aperture Tag: The Paint Gun Testing Initiative']"
198,Magjiikal,"['RIFT', 'Alan Wake', 'Arma II: DayZ Mod', ""The Witcher: Enhanced Edition Director's Cut"", 'Bastion']"
199,ohnospaghet,"['RIFT', 'Alan Wake', 'Arma II: DayZ Mod', ""The Witcher: Enhanced Edition Director's Cut"", 'Bastion']"
200,ohnospaghet,"['RIFT', 'Alan Wake', 'Arma II: DayZ Mod', ""The Witcher: Enhanced Edition Director's Cut"", 'Bastion']"
201,ohnospaghet,"['RIFT', 'Alan Wake', 'Arma II: DayZ Mod', ""The Witcher: Enhanced Edition Director's Cut"", 'Bastion']"
202,2768820078,"['Alan Wake', 'Bastion', ""The Witcher: Enhanced Edition Director's Cut"", 'Arma II: DayZ Mod', 'RIFT']"
203,2768820078,"['Alan Wake', 'Bastion', ""The Witcher: Enhanced Edition Director's Cut"", 'Arma II: DayZ Mod', 'RIFT']"
204,2768820078,"['Alan Wake', 'Bastion', ""The Witcher: Enhanced Edition Director's Cut"", 'Arma II: DayZ Mod', 'RIFT']"
205,2768820078,"['Alan Wake', 'Bastion', ""The Witcher: Enhanced Edition Director's Cut"", 'Arma II: DayZ Mod', 'RIFT']"
206,2768820078,"['Alan Wake', 'Bastion', ""The Witcher: Enhanced Edition Director's Cut"", 'Arma II: DayZ Mod', 'RIFT']"
207,2768820078,"['Alan Wake', 'Bastion', ""The Witcher: Enhanced Edition Director's Cut"", 'Arma II: DayZ Mod', 'RIFT']"
208,2768820078,"['Alan Wake', 'Bastion', ""The Witcher: Enhanced Edition Director's Cut"", 'Arma II: DayZ Mod', 'RIFT']"
209,2768820078,"['Alan Wake', 'Bastion', ""The Witcher: Enhanced Edition Director's Cut"", 'Arma II: DayZ Mod', 'RIFT']"
210,2d4nk4m3,"['RIFT', 'BioShock Infinite', 'Bleed', 'Warhammer: End Times - Vermintide', ""The Witcher: Enhanced Edition Director's Cut""]"
211,2d4nk4m3,"['RIFT', 'BioShock Infinite', 'Bleed', 'Warhammer: End Times - Vermintide', ""The Witcher: Enhanced Edition Director's Cut""]"
212,76561198095921854,"['Contrast', 'Alan Wake', 'Without Within', 'IL-2 Sturmovik: 1946', 'RIFT']"
213,EizanAratoFujimaki,"['RIFT', 'Alan Wake', 'Arma II: DayZ Mod', ""The Witcher: Enhanced Edition Director's Cut"", 'Bastion']"
214,TeCool,"['Dust: An Elysian Tail', 'Portal Stories: Mel', 'Bastion', 'Rogue Legacy', 'Call of Duty®: Black Ops']"
215,TeCool,"['Dust: An Elysian Tail', 'Portal Stories: Mel', 'Bastion', 'Rogue Legacy', 'Call of Duty®: Black Ops']"
216,2xDelorean,"['RIFT', 'Dust: An Elysian Tail', 'Alan Wake', 'Rome: Total War™ - Collection', 'Halo: Spartan Assault']"
217,2xDelorean,"['RIFT', 'Dust: An Elysian Tail', 'Alan Wake', 'Rome: Total War™ - Collection', 'Halo: Spartan Assault']"
218,2xDelorean,"['RIFT', 'Dust: An Elysian Tail', 'Alan Wake', 'Rome: Total War™ - Collection', 'Halo: Spartan Assault']"
219,washington_,"['Bastion', 'Arma II: DayZ Mod', 'Farming Simulator 2013 Titanium Edition', 'Half-Life 2: Deathmatch', 'Kung Fury: Street Rage']"
220,76561198088944293,"['Alan Wake', 'Half-Life 2: Deathmatch', 'Arma II: DayZ Mod', 'Remember Me', 'Kingdom Rush']"
221,76561198092540221,"['Far Cry®', 'RIFT', 'Halo: Spartan Assault', 'Without Within', ""The Witcher: Enhanced Edition Director's Cut""]"
222,76561198092540221,"['Far Cry®', 'RIFT', 'Halo: Spartan Assault', 'Without Within', ""The Witcher: Enhanced Edition Director's Cut""]"
223,76561198092540221,"['Far Cry®', 'RIFT', 'Halo: Spartan Assault', 'Without Within', ""The Witcher: Enhanced Edition Director's Cut""]"
224,76561198092540221,"['Far Cry®', 'RIFT', 'Halo: Spartan Assault', 'Without Within', ""The Witcher: Enhanced Edition Director's Cut""]"
225,76561198092540221,"['Far Cry®', 'RIFT', 'Halo: Spartan Assault', 'Without Within', ""The Witcher: Enhanced Edition Director's Cut""]"
226,76561198051258119,"['Dead Rising 3 Apocalypse Edition', ""King Arthur's Gold"", 'GRID Autosport', 'Alan Wake', 'Trine Enchanted Edition']"
227,nubquake123,"['Alan Wake', 'Gunpoint', ""King Arthur's Gold"", 'Red Crucible®: Firestorm', ""The Witcher: Enhanced Edition Director's Cut""]"
228,Pyromanic,"['Call of Duty®: Black Ops', 'Arma II: DayZ Mod', 'Magicite', 'RIFT', 'Squishy the Suicidal Pig']"
229,Pyromanic,"['Call of Duty®: Black Ops', 'Arma II: DayZ Mod', 'Magicite', 'RIFT', 'Squishy the Suicidal Pig']"
230,Pyromanic,"['Call of Duty®: Black Ops', 'Arma II: DayZ Mod', 'Magicite', 'RIFT', 'Squishy the Suicidal Pig']"
231,CobRazor,"['The Wolf Among Us', 'RIFT', 'Dragon Nest', 'Age of Empires® III: Complete Collection', 'Magicite']"
232,relesprit,"['RIFT', 'Alan Wake', 'Arma II: DayZ Mod', ""The Witcher: Enhanced Edition Director's Cut"", 'Bastion']"
233,WitchHunter4542,"['Arma II: DayZ Mod', 'Bastion', 'Dust: An Elysian Tail', 'Royal Quest', ""The Witcher: Enhanced Edition Director's Cut""]"
234,WitchHunter4542,"['Arma II: DayZ Mod', 'Bastion', 'Dust: An Elysian Tail', 'Royal Quest', ""The Witcher: Enhanced Edition Director's Cut""]"
235,WitchHunter4542,"['Arma II: DayZ Mod', 'Bastion', 'Dust: An Elysian Tail', 'Royal Quest', ""The Witcher: Enhanced Edition Director's Cut""]"
236,pwrt,"['Dust: An Elysian Tail', 'Alan Wake', 'Halo: Spartan Assault', 'Bleed', 'Dragon Nest']"
237,pwrt,"['Dust: An Elysian Tail', 'Alan Wake', 'Halo: Spartan Assault', 'Bleed', 'Dragon Nest']"
238,wantmahbody,"['FINAL FANTASY XIV Online', 'RIFT', 'Arma II: DayZ Mod', 'Bastion', ""The Witcher: Enhanced Edition Director's Cut""]"
239,76561198031207016,"['Arma II: DayZ Mod', 'Alan Wake', 'Mass Effect 2', 'Trine 2: Complete Story', 'Plague Inc: Evolved']"
240,76561198043458582,"['Call of Duty®: Black Ops', 'Bleed', ""The Witcher: Enhanced Edition Director's Cut"", 'Transistor', 'Dead Rising 3 Apocalypse Edition']"
241,76561198043458582,"['Call of Duty®: Black Ops', 'Bleed', ""The Witcher: Enhanced Edition Director's Cut"", 'Transistor', 'Dead Rising 3 Apocalypse Edition']"
242,76561198043458582,"['Call of Duty®: Black Ops', 'Bleed', ""The Witcher: Enhanced Edition Director's Cut"", 'Transistor', 'Dead Rising 3 Apocalypse Edition']"
243,76561198043458582,"['Call of Duty®: Black Ops', 'Bleed', ""The Witcher: Enhanced Edition Director's Cut"", 'Transistor', 'Dead Rising 3 Apocalypse Edition']"
244,76561198047630659,"['Kingdom Rush', 'Arma II: DayZ Mod', 'RIFT', 'The Wolf Among Us', 'Bastion']"
245,1337lolroflmao,"['RIFT', 'Soldier Front 2', 'Half-Life 2: Deathmatch', 'Transistor', ""Sid Meier's Civilization® IV""]"
246,1337lolroflmao,"['RIFT', 'Soldier Front 2', 'Half-Life 2: Deathmatch', 'Transistor', ""Sid Meier's Civilization® IV""]"
247,1337lolroflmao,"['RIFT', 'Soldier Front 2', 'Half-Life 2: Deathmatch', 'Transistor', ""Sid Meier's Civilization® IV""]"
248,1337lolroflmao,"['RIFT', 'Soldier Front 2', 'Half-Life 2: Deathmatch', 'Transistor', ""Sid Meier's Civilization® IV""]"
249,1337lolroflmao,"['RIFT', 'Soldier Front 2', 'Half-Life 2: Deathmatch', 'Transistor', ""Sid Meier's Civilization® IV""]"
250,1337lolroflmao,"['RIFT', 'Soldier Front 2', 'Half-Life 2: Deathmatch', 'Transistor', ""Sid Meier's Civilization® IV""]"
251,1337lolroflmao,"['RIFT', 'Soldier Front 2', 'Half-Life 2: Deathmatch', 'Transistor', ""Sid Meier's Civilization® IV""]"
252,sithjjf,"['RIFT', 'Alan Wake', 'Arma II: DayZ Mod', ""The Witcher: Enhanced Edition Director's Cut"", 'Bastion']"
253,OzfurAtlas,"['RIFT', 'Bastion', 'Mark of the Ninja', 'Mass Effect', 'Space Pirates and Zombies']"
254,76561198065593074,"['Transistor', 'Arma II: DayZ Mod', 'Without Within', 'Magicite', 'FINAL FANTASY VII']"
255,76561198065593074,"['Transistor', 'Arma II: DayZ Mod', 'Without Within', 'Magicite', 'FINAL FANTASY VII']"
256,76561198065593074,"['Transistor', 'Arma II: DayZ Mod', 'Without Within', 'Magicite', 'FINAL FANTASY VII']"
257,76561198044169764,"['Remember Me', 'Bastion', 'Medieval II: Total War™', 'RIFT', 'Mass Effect']"
258,76561198044169764,"['Remember Me', 'Bastion', 'Medieval II: Total War™', 'RIFT', 'Mass Effect']"
259,76561198044169764,"['Remember Me', 'Bastion', 'Medieval II: Total War™', 'RIFT', 'Mass Effect']"
260,76561197961778802,"['RIFT', 'Alan Wake', 'Arma II: DayZ Mod', ""The Witcher: Enhanced Edition Director's Cut"", 'Bastion']"
261,thisissohardtomakeoneup,"['Arma II: DayZ Mod', 'Awesomenauts - the 2D moba', 'Mark of the Ninja', 'Worms Reloaded', 'Rome: Total War™ - Collection']"
262,76561198087010391,"['RIFT', 'Alan Wake', 'Arma II: DayZ Mod', ""The Witcher: Enhanced Edition Director's Cut"", 'Bastion']"
263,66666669999999,"['RIFT', 'Alan Wake', 'Arma II: DayZ Mod', ""The Witcher: Enhanced Edition Director's Cut"", 'Bastion']"
264,76561198061174192,"['Bastion', 'Call of Duty®: Black Ops', 'Machinarium', 'Halo: Spartan Assault', 'Mark of the Ninja']"
265,76561198061174192,"['Bastion', 'Call of Duty®: Black Ops', 'Machinarium', 'Halo: Spartan Assault', 'Mark of the Ninja']"
266,ReMiXOfficalSteam,"['RIFT', 'Alan Wake', 'Arma II: DayZ Mod', ""The Witcher: Enhanced Edition Director's Cut"", 'Bastion']"
267,Wilfire77,"['RIFT', ""The Witcher: Enhanced Edition Director's Cut"", 'Warframe', 'Mass Effect', 'Dust: An Elysian Tail']"
268,76561198084390807,"['Alan Wake', 'The Swapper', 'Arma II: DayZ Mod', 'RIFT', ""King Arthur's Gold""]"
269,76561198084390807,"['Alan Wake', 'The Swapper', 'Arma II: DayZ Mod', 'RIFT', ""King Arthur's Gold""]"
270,Mastic,"['Arma II: DayZ Mod', 'Everlasting Summer', 'Rome: Total War™ - Collection', 'Aliens versus Predator Classic 2000', 'Dead Rising 3 Apocalypse Edition']"
271,Mastic,"['Arma II: DayZ Mod', 'Everlasting Summer', 'Rome: Total War™ - Collection', 'Aliens versus Predator Classic 2000', 'Dead Rising 3 Apocalypse Edition']"
272,Mastic,"['Arma II: DayZ Mod', 'Everlasting Summer', 'Rome: Total War™ - Collection', 'Aliens versus Predator Classic 2000', 'Dead Rising 3 Apocalypse Edition']"
273,76561198028286104,"['RIFT', 'Alan Wake', 'Arma II: DayZ Mod', ""The Witcher: Enhanced Edition Director's Cut"", 'Bastion']"
274,tarjla,"['RIFT', 'Alan Wake', 'Mass Effect 2', 'Halo: Spartan Assault', 'Sniper Elite 3']"
275,tarjla,"['RIFT', 'Alan Wake', 'Mass Effect 2', 'Halo: Spartan Assault', 'Sniper Elite 3']"
276,tarjla,"['RIFT', 'Alan Wake', 'Mass Effect 2', 'Halo: Spartan Assault', 'Sniper Elite 3']"
277,tarjla,"['RIFT', 'Alan Wake', 'Mass Effect 2', 'Halo: Spartan Assault', 'Sniper Elite 3']"
278,tarjla,"['RIFT', 'Alan Wake', 'Mass Effect 2', 'Halo: Spartan Assault', 'Sniper Elite 3']"
279,tarjla,"['RIFT', 'Alan Wake', 'Mass Effect 2', 'Halo: Spartan Assault', 'Sniper Elite 3']"
280,tarjla,"['RIFT', 'Alan Wake', 'Mass Effect 2', 'Halo: Spartan Assault', 'Sniper Elite 3']"
281,deathnz1,"['RIFT', 'Alan Wake', 'Arma II: DayZ Mod', ""The Witcher: Enhanced Edition Director's Cut"", 'Bastion']"
282,76561198104393251,"['RIFT', 'Alan Wake', 'Arma II: DayZ Mod', ""The Witcher: Enhanced Edition Director's Cut"", 'Bastion']"
283,redsncrimson,"['RIFT', 'Robocraft', 'Alan Wake', 'Bastion', ""The Witcher: Enhanced Edition Director's Cut""]"
284,redsncrimson,"['RIFT', 'Robocraft', 'Alan Wake', 'Bastion', ""The Witcher: Enhanced Edition Director's Cut""]"
285,redsncrimson,"['RIFT', 'Robocraft', 'Alan Wake', 'Bastion', ""The Witcher: Enhanced Edition Director's Cut""]"
286,redsncrimson,"['RIFT', 'Robocraft', 'Alan Wake', 'Bastion', ""The Witcher: Enhanced Edition Director's Cut""]"
287,redsncrimson,"['RIFT', 'Robocraft', 'Alan Wake', 'Bastion', ""The Witcher: Enhanced Edition Director's Cut""]"
288,H1DD3NT3RR0R,"['Heroes & Generals', 'Gunpoint', 'RIFT', 'STARWHAL', 'Contrast']"
289,H1DD3NT3RR0R,"['Heroes & Generals', 'Gunpoint', 'RIFT', 'STARWHAL', 'Contrast']"
290,H1DD3NT3RR0R,"['Heroes & Generals', 'Gunpoint', 'RIFT', 'STARWHAL', 'Contrast']"
291,H1DD3NT3RR0R,"['Heroes & Generals', 'Gunpoint', 'RIFT', 'STARWHAL', 'Contrast']"
292,H1DD3NT3RR0R,"['Heroes & Generals', 'Gunpoint', 'RIFT', 'STARWHAL', 'Contrast']"
293,76561198071214618,"['Halo: Spartan Assault', 'Absolute Drift', 'Half-Life 2: Episode One', 'Depth', ""Garry's Mod""]"
294,76561198071175142,"['Trine 2: Complete Story', 'Rome: Total War™ - Collection', 'Alan Wake', 'Soldier Front 2', 'Call of Duty®: Black Ops']"
295,t8s,"['Portal Stories: Mel', 'Transistor', 'Terraria', 'Call of Juarez® Gunslinger', ""Tom Clancy's Rainbow Six® Vegas 2""]"
296,t8s,"['Portal Stories: Mel', 'Transistor', 'Terraria', 'Call of Juarez® Gunslinger', ""Tom Clancy's Rainbow Six® Vegas 2""]"
297,pikawuu2,"['RIFT', 'Alan Wake', 'Arma II: DayZ Mod', ""The Witcher: Enhanced Edition Director's Cut"", 'Bastion']"
298,Sammeh00,"['RIFT', 'Alan Wake', 'Arma II: DayZ Mod', ""The Witcher: Enhanced Edition Director's Cut"", 'Bastion']"
299,Michaelele,"['Endless Space® - Collection', 'RIFT', 'Alan Wake', 'Transistor', 'Primal Carnage']"
300,Michaelele,"['Endless Space® - Collection', 'RIFT', 'Alan Wake', 'Transistor', 'Primal Carnage']"
301,Michaelele,"['Endless Space® - Collection', 'RIFT', 'Alan Wake', 'Transistor', 'Primal Carnage']"
302,Michaelele,"['Endless Space® - Collection', 'RIFT', 'Alan Wake', 'Transistor', 'Primal Carnage']"
303,76561198045754869,"['Alan Wake', 'Bastion', 'Half-Life 2: Deathmatch', 'RIFT', 'LOOM™']"
304,76561198076098774,"['Bastion', 'Yet Another Zombie Defense', 'S.T.A.L.K.E.R.: Call of Pripyat', 'RIFT', 'Lord of the Rings: War in the North']"
305,76561198048417105,"['Halo: Spartan Assault', 'Alan Wake', 'FINAL FANTASY XIV Online', 'Blockstorm', ""The Witcher: Enhanced Edition Director's Cut""]"
306,76561198048417105,"['Halo: Spartan Assault', 'Alan Wake', 'FINAL FANTASY XIV Online', 'Blockstorm', ""The Witcher: Enhanced Edition Director's Cut""]"
307,76561198090842891,"['Arma II: DayZ Mod', 'Just Cause 2: Multiplayer Mod', 'Half-Life: Source', 'Medieval II: Total War™', 'IL-2 Sturmovik: 1946']"
308,76561198055767971,"['Bastion', 'Metro: Last Light Redux', 'Half-Life 2: Deathmatch', 'Revenge of the Titans', 'S.T.A.L.K.E.R.: Call of Pripyat']"
309,76561198145436942,"['RIFT', 'Alan Wake', 'Arma II: DayZ Mod', ""The Witcher: Enhanced Edition Director's Cut"", 'Bastion']"
310,jjas01,"[""The Witcher: Enhanced Edition Director's Cut"", 'Dragon Nest', 'Call of Duty®: Black Ops', 'X-Plane 10 Global - 64 Bit', 'Stronghold HD']"
311,jjas01,"[""The Witcher: Enhanced Edition Director's Cut"", 'Dragon Nest', 'Call of Duty®: Black Ops', 'X-Plane 10 Global - 64 Bit', 'Stronghold HD']"
312,jjas01,"[""The Witcher: Enhanced Edition Director's Cut"", 'Dragon Nest', 'Call of Duty®: Black Ops', 'X-Plane 10 Global - 64 Bit', 'Stronghold HD']"
313,jjas01,"[""The Witcher: Enhanced Edition Director's Cut"", 'Dragon Nest', 'Call of Duty®: Black Ops', 'X-Plane 10 Global - 64 Bit', 'Stronghold HD']"
314,jjas01,"[""The Witcher: Enhanced Edition Director's Cut"", 'Dragon Nest', 'Call of Duty®: Black Ops', 'X-Plane 10 Global - 64 Bit', 'Stronghold HD']"
315,jjas01,"[""The Witcher: Enhanced Edition Director's Cut"", 'Dragon Nest', 'Call of Duty®: Black Ops', 'X-Plane 10 Global - 64 Bit', 'Stronghold HD']"
316,jjas01,"[""The Witcher: Enhanced Edition Director's Cut"", 'Dragon Nest', 'Call of Duty®: Black Ops', 'X-Plane 10 Global - 64 Bit', 'Stronghold HD']"
317,3xotic26,"['Without Within', ""Wasteland 2: Director's Cut"", 'Call of Juarez® Gunslinger', 'STARWHAL', 'The Wolf Among Us']"
318,3xotic26,"['Without Within', ""Wasteland 2: Director's Cut"", 'Call of Juarez® Gunslinger', 'STARWHAL', 'The Wolf Among Us']"
319,3xotic26,"['Without Within', ""Wasteland 2: Director's Cut"", 'Call of Juarez® Gunslinger', 'STARWHAL', 'The Wolf Among Us']"
320,3xotic26,"['Without Within', ""Wasteland 2: Director's Cut"", 'Call of Juarez® Gunslinger', 'STARWHAL', 'The Wolf Among Us']"
321,iamthetrashlord,"['Next Car Game: Wreckfest', 'Worms Reloaded', 'Just Cause 2: Multiplayer Mod', 'Dragon Nest', 'Mount & Blade']"
322,iamthetrashlord,"['Next Car Game: Wreckfest', 'Worms Reloaded', 'Just Cause 2: Multiplayer Mod', 'Dragon Nest', 'Mount & Blade']"
323,3dster,"['Sonic Lost World', 'Alien Swarm', 'Remember Me', 'Arma II: DayZ Mod', 'Solar 2']"
324,76561198079990063,"['Arma II: DayZ Mod', 'Half-Life 2: Deathmatch', 'RIFT', 'Next Car Game: Wreckfest', 'Fishing Planet']"
325,Forty-Nine,"['Alan Wake', 'Call of Juarez® Gunslinger', 'Rome: Total War™ - Collection', 'Monster Loves You!', 'RIFT']"
326,L4M1NAS,"['RIFT', 'Alan Wake', 'Arma II: DayZ Mod', ""The Witcher: Enhanced Edition Director's Cut"", 'Bastion']"
327,76561198084542731,"['RIFT', 'Halo: Spartan Assault', 'S.T.A.L.K.E.R.: Call of Pripyat', 'Starbound', 'Alan Wake']"
328,76561198084542731,"['RIFT', 'Halo: Spartan Assault', 'S.T.A.L.K.E.R.: Call of Pripyat', 'Starbound', 'Alan Wake']"
329,mrpfresh,"[""The Witcher: Enhanced Edition Director's Cut"", 'Dust: An Elysian Tail', 'Half-Life 2: Episode One', 'RIFT', 'Portal Stories: Mel']"
330,GamerFag,"[""The Witcher: Enhanced Edition Director's Cut"", 'Halo: Spartan Assault', 'RIFT', 'Arma II: DayZ Mod', 'Dead Rising 3 Apocalypse Edition']"
331,GamerFag,"[""The Witcher: Enhanced Edition Director's Cut"", 'Halo: Spartan Assault', 'RIFT', 'Arma II: DayZ Mod', 'Dead Rising 3 Apocalypse Edition']"
332,GamerFag,"[""The Witcher: Enhanced Edition Director's Cut"", 'Halo: Spartan Assault', 'RIFT', 'Arma II: DayZ Mod', 'Dead Rising 3 Apocalypse Edition']"
333,GamerFag,"[""The Witcher: Enhanced Edition Director's Cut"", 'Halo: Spartan Assault', 'RIFT', 'Arma II: DayZ Mod', 'Dead Rising 3 Apocalypse Edition']"
334,GamerFag,"[""The Witcher: Enhanced Edition Director's Cut"", 'Halo: Spartan Assault', 'RIFT', 'Arma II: DayZ Mod', 'Dead Rising 3 Apocalypse Edition']"
335,GamerFag,"[""The Witcher: Enhanced Edition Director's Cut"", 'Halo: Spartan Assault', 'RIFT', 'Arma II: DayZ Mod', 'Dead Rising 3 Apocalypse Edition']"
336,EHS-R3AP3R,"['Bleed', 'Trine 2: Complete Story', 'Call of Duty®: Black Ops', ""The Witcher: Enhanced Edition Director's Cut"", 'Tropico 4']"
337,EHS-R3AP3R,"['Bleed', 'Trine 2: Complete Story', 'Call of Duty®: Black Ops', ""The Witcher: Enhanced Edition Director's Cut"", 'Tropico 4']"
338,chidori_647,"['Bastion', 'Arma II: DayZ Mod', 'Transistor', 'Bleed', 'Alan Wake']"
339,chidori_647,"['Bastion', 'Arma II: DayZ Mod', 'Transistor', 'Bleed', 'Alan Wake']"
340,chidori_647,"['Bastion', 'Arma II: DayZ Mod', 'Transistor', 'Bleed', 'Alan Wake']"
341,chidori_647,"['Bastion', 'Arma II: DayZ Mod', 'Transistor', 'Bleed', 'Alan Wake']"
342,chidori_647,"['Bastion', 'Arma II: DayZ Mod', 'Transistor', 'Bleed', 'Alan Wake']"
343,76561198092227136,"['Call of Duty®: Black Ops', 'Space Pirates and Zombies', 'RIFT', 'Remember Me', 'METAL GEAR SOLID V: GROUND ZEROES']"
344,76561198092227136,"['Call of Duty®: Black Ops', 'Space Pirates and Zombies', 'RIFT', 'Remember Me', 'METAL GEAR SOLID V: GROUND ZEROES']"
345,hellcat59,"['Magicite', ""The Witcher: Enhanced Edition Director's Cut"", 'METAL GEAR SOLID V: GROUND ZEROES', 'Dragon Nest', 'Remember Me']"
346,tbimperator,"['RIFT', ""The Witcher: Enhanced Edition Director's Cut"", 'Farming Simulator 2013 Titanium Edition', 'Half-Life 2: Deathmatch', 'Next Car Game: Wreckfest']"
347,Allahu_Akbar666,"['RIFT', ""The Witcher: Enhanced Edition Director's Cut"", 'Trine 2: Complete Story', 'Alan Wake', 'Portal Stories: Mel']"
348,Allahu_Akbar666,"['RIFT', ""The Witcher: Enhanced Edition Director's Cut"", 'Trine 2: Complete Story', 'Alan Wake', 'Portal Stories: Mel']"
349,ulramite,"['Halo: Spartan Assault', 'Monster Loves You!', 'Just Cause 2: Multiplayer Mod', 'Half-Life 2: Episode One', 'Magicite']"
350,ulramite,"['Halo: Spartan Assault', 'Monster Loves You!', 'Just Cause 2: Multiplayer Mod', 'Half-Life 2: Episode One', 'Magicite']"
351,76561198054040292,"['Arma II: DayZ Mod', 'Gunpoint', 'Analogue: A Hate Story', 'The Swapper', 'Alan Wake']"
352,76561198078799606,"['Magicite', 'Alien Swarm', 'Alan Wake', 'Arma II: DayZ Mod', 'Time Clickers']"
353,76561198078799606,"['Magicite', 'Alien Swarm', 'Alan Wake', 'Arma II: DayZ Mod', 'Time Clickers']"
354,76561198078799606,"['Magicite', 'Alien Swarm', 'Alan Wake', 'Arma II: DayZ Mod', 'Time Clickers']"
355,I_DID_911_JUST_SAYING,"['RIFT', 'Alan Wake', 'Arma II: DayZ Mod', ""The Witcher: Enhanced Edition Director's Cut"", 'Bastion']"
356,diabeticfuck,"['METAL GEAR SOLID V: GROUND ZEROES', 'Bastion', 'Trine 2: Complete Story', 'Transistor', 'Remember Me']"
357,diabeticfuck,"['METAL GEAR SOLID V: GROUND ZEROES', 'Bastion', 'Trine 2: Complete Story', 'Transistor', 'Remember Me']"
358,76561198054465623,"['Bastion', 'Arma 3 Marksmen', ""The Witcher: Enhanced Edition Director's Cut"", 'Transistor', 'Alan Wake']"
359,76561198054465623,"['Bastion', 'Arma 3 Marksmen', ""The Witcher: Enhanced Edition Director's Cut"", 'Transistor', 'Alan Wake']"
360,76561198054465623,"['Bastion', 'Arma 3 Marksmen', ""The Witcher: Enhanced Edition Director's Cut"", 'Transistor', 'Alan Wake']"
361,76561198054465623,"['Bastion', 'Arma 3 Marksmen', ""The Witcher: Enhanced Edition Director's Cut"", 'Transistor', 'Alan Wake']"
362,76561198054465623,"['Bastion', 'Arma 3 Marksmen', ""The Witcher: Enhanced Edition Director's Cut"", 'Transistor', 'Alan Wake']"
363,aaropro,"['FINAL FANTASY XIV Online', 'Microsoft Flight Simulator X: Steam Edition', 'Alan Wake', 'Yet Another Zombie Defense', 'Gone Home']"
364,FrankoWalker,"['RIFT', 'Alan Wake', 'Arma II: DayZ Mod', ""The Witcher: Enhanced Edition Director's Cut"", 'Bastion']"
365,LightfootSword7,"['AI War: Fleet Command', 'Alan Wake', 'Dragon Nest', 'RIFT', 'The Lord of the Rings Online™']"
366,SALTTHEW0UND,"['Absolute Drift', 'S.T.A.L.K.E.R.: Call of Pripyat', 'Half-Life 2: Episode One', 'Max Payne 3', 'RIFT']"
367,SALTTHEW0UND,"['Absolute Drift', 'S.T.A.L.K.E.R.: Call of Pripyat', 'Half-Life 2: Episode One', 'Max Payne 3', 'RIFT']"
368,SALTTHEW0UND,"['Absolute Drift', 'S.T.A.L.K.E.R.: Call of Pripyat', 'Half-Life 2: Episode One', 'Max Payne 3', 'RIFT']"
369,SALTTHEW0UND,"['Absolute Drift', 'S.T.A.L.K.E.R.: Call of Pripyat', 'Half-Life 2: Episode One', 'Max Payne 3', 'RIFT']"
370,SALTTHEW0UND,"['Absolute Drift', 'S.T.A.L.K.E.R.: Call of Pripyat', 'Half-Life 2: Episode One', 'Max Payne 3', 'RIFT']"
371,express157,"['RIFT', 'Royal Quest', 'Trine 2: Complete Story', 'Alan Wake', 'Half-Life 2: Deathmatch']"
372,76561198074644990,"['Age of Empires® III: Complete Collection', 'Contrast', 'Mass Effect', 'Call of Juarez® Gunslinger', 'Bastion']"
373,76561198074644990,"['Age of Empires® III: Complete Collection', 'Contrast', 'Mass Effect', 'Call of Juarez® Gunslinger', 'Bastion']"
374,76561198074644990,"['Age of Empires® III: Complete Collection', 'Contrast', 'Mass Effect', 'Call of Juarez® Gunslinger', 'Bastion']"
375,76561198064304806,"['Mass Effect', 'RIFT', 'STAR WARS™ Jedi Knight - Jedi Academy™', 'METAL GEAR SOLID V: GROUND ZEROES', 'Metro: Last Light Redux']"
376,TomoeMamiewe,"['Bleed', 'fault - milestone two side:above', 'BioShock Infinite', 'Star Wars: Battlefront 2 (Classic, 2005)', 'Alan Wake']"
377,76561198057086148,"['Arma II: DayZ Mod', 'Half-Life 2: Deathmatch', ""King Arthur's Gold"", 'Sniper Elite 3', ""Sid Meier's Civilization® V""]"
378,Acidius99,"['RIFT', 'Alan Wake', 'Arma II: DayZ Mod', ""The Witcher: Enhanced Edition Director's Cut"", 'Bastion']"
379,acorn13,"['Arma II: DayZ Mod', 'Transistor', 'RIFT', 'Yet Another Zombie Defense', 'Alien Swarm']"
380,AddzyTheBaddzy,"[""Far Cry® 2: Fortune's Edition"", 'RIFT', 'The Banner Saga', 'Call of Duty: World at War', 'Transistor']"
381,AddzyTheBaddzy,"[""Far Cry® 2: Fortune's Edition"", 'RIFT', 'The Banner Saga', 'Call of Duty: World at War', 'Transistor']"
382,76561198167207237,"['Next Car Game: Wreckfest', 'Transistor', ""The Witcher: Enhanced Edition Director's Cut"", 'Alan Wake', 'Tiny Barbarian DX']"
383,76561198167207237,"['Next Car Game: Wreckfest', 'Transistor', ""The Witcher: Enhanced Edition Director's Cut"", 'Alan Wake', 'Tiny Barbarian DX']"
384,76561198167207237,"['Next Car Game: Wreckfest', 'Transistor', ""The Witcher: Enhanced Edition Director's Cut"", 'Alan Wake', 'Tiny Barbarian DX']"
385,cancerkek,"['Ziggurat', 'Rome: Total War™ - Collection', 'RIFT', 'Call of Duty®: Black Ops', 'Air Brawl']"
386,76561198073508075,"['Half-Life 2: Deathmatch', ""The Witcher: Enhanced Edition Director's Cut"", 'Ziggurat', 'Dragon Nest', ""King Arthur's Gold""]"
387,76561198073508075,"['Half-Life 2: Deathmatch', ""The Witcher: Enhanced Edition Director's Cut"", 'Ziggurat', 'Dragon Nest', ""King Arthur's Gold""]"
388,advenger95,"[""Sid Meier's Civilization® V"", 'E.Y.E: Divine Cybermancy', 'Dust: An Elysian Tail', 'Rogue Legacy', 'Tales from the Borderlands']"
389,advenger95,"[""Sid Meier's Civilization® V"", 'E.Y.E: Divine Cybermancy', 'Dust: An Elysian Tail', 'Rogue Legacy', 'Tales from the Borderlands']"
390,EndAtHallow,"['RIFT', 'Broken Age', 'Alan Wake', 'Call of Duty: World at War', 'Call of Duty®: Black Ops']"
391,76561198063624801,"['South Park™: The Stick of Truth™', 'Bastion', 'Remember Me', 'Dying Light: The Bozak Horde', 'The Swapper']"
392,aeryal,"['S.T.A.L.K.E.R.: Call of Pripyat', 'Gunpoint', 'RIFT', 'Armello', 'Call of Duty: World at War']"
393,76561198015968275,"['Arma II: DayZ Mod', 'Mass Effect', 'METAL GEAR SOLID V: GROUND ZEROES', 'RIFT', 'Faerie Solitaire']"
394,Agiegamma,"['Magicite', 'Faerie Solitaire', 'Mass Effect', 'Portal Stories: Mel', 'Rogue Legacy']"
395,76561198082614708,"['RIFT', 'Alan Wake', 'Arma II: DayZ Mod', ""The Witcher: Enhanced Edition Director's Cut"", 'Bastion']"
396,Agronoth,"['Half-Life 2: Deathmatch', 'RIFT', 'Arma II: DayZ Mod', 'Guacamelee! Gold Edition', 'Shadowrun Returns']"
397,Agronoth,"['Half-Life 2: Deathmatch', 'RIFT', 'Arma II: DayZ Mod', 'Guacamelee! Gold Edition', 'Shadowrun Returns']"
398,Agronoth,"['Half-Life 2: Deathmatch', 'RIFT', 'Arma II: DayZ Mod', 'Guacamelee! Gold Edition', 'Shadowrun Returns']"
399,Agronoth,"['Half-Life 2: Deathmatch', 'RIFT', 'Arma II: DayZ Mod', 'Guacamelee! Gold Edition', 'Shadowrun Returns']"
400,UnholyFallenAngel,"['Half-Life Deathmatch: Source', 'Mass Effect', 'Yet Another Zombie Defense', 'RIFT', 'Halo: Spartan Assault']"
401,UnholyFallenAngel,"['Half-Life Deathmatch: Source', 'Mass Effect', 'Yet Another Zombie Defense', 'RIFT', 'Halo: Spartan Assault']"
402,UnholyFallenAngel,"['Half-Life Deathmatch: Source', 'Mass Effect', 'Yet Another Zombie Defense', 'RIFT', 'Halo: Spartan Assault']"
403,76561198068565589,"['METAL GEAR SOLID V: GROUND ZEROES', 'Trine 2: Complete Story', ""The Witcher: Enhanced Edition Director's Cut"", 'Next Car Game: Wreckfest', 'Sonic Adventure 2']"
404,76561198068565589,"['METAL GEAR SOLID V: GROUND ZEROES', 'Trine 2: Complete Story', ""The Witcher: Enhanced Edition Director's Cut"", 'Next Car Game: Wreckfest', 'Sonic Adventure 2']"
405,SlutOnTheSpit,"['Call of Duty®: Black Ops', 'Tales from the Borderlands', 'Alan Wake', 'RIFT', 'The Vanishing of Ethan Carter']"
406,WestyGaming,"['RIFT', 'Alan Wake', 'Arma II: DayZ Mod', ""The Witcher: Enhanced Edition Director's Cut"", 'Bastion']"
407,NaruseAiria,"['Dust: An Elysian Tail', 'Bastion', 'Call of Duty: World at War', 'Arma II: DayZ Mod', 'FINAL FANTASY XIV Online']"
408,NaruseAiria,"['Dust: An Elysian Tail', 'Bastion', 'Call of Duty: World at War', 'Arma II: DayZ Mod', 'FINAL FANTASY XIV Online']"
409,NaruseAiria,"['Dust: An Elysian Tail', 'Bastion', 'Call of Duty: World at War', 'Arma II: DayZ Mod', 'FINAL FANTASY XIV Online']"
410,NaruseAiria,"['Dust: An Elysian Tail', 'Bastion', 'Call of Duty: World at War', 'Arma II: DayZ Mod', 'FINAL FANTASY XIV Online']"
411,76561198067713802,"['Alan Wake', ""The Witcher: Enhanced Edition Director's Cut"", 'Arma II: DayZ Mod', 'RIFT', 'Dying Light']"
412,76561198067713802,"['Alan Wake', ""The Witcher: Enhanced Edition Director's Cut"", 'Arma II: DayZ Mod', 'RIFT', 'Dying Light']"
413,Alex680,"['Arma II: DayZ Mod', 'Portal Stories: Mel', 'Magicite', 'ibb & obb', 'Mark of the Ninja']"
414,alansiulun,"['Tales from the Borderlands', 'RIFT', ""The Witcher: Enhanced Edition Director's Cut"", 'Starbound', 'Rocket League® - Back to the Future™ Car Pack']"
415,Albolah,"['GRID 2', 'Dragon Nest', 'Trine Enchanted Edition', 'RIFT', 'Half-Life: Source']"
416,Albolah,"['GRID 2', 'Dragon Nest', 'Trine Enchanted Edition', 'RIFT', 'Half-Life: Source']"
417,Albolah,"['GRID 2', 'Dragon Nest', 'Trine Enchanted Edition', 'RIFT', 'Half-Life: Source']"
418,76561198003056556,"['Beat Hazard', 'Dust: An Elysian Tail', 'RIFT', 'Half-Life 2: Deathmatch', 'Alan Wake']"
419,maxpaynepillkiller,"['Alan Wake', 'Halo: Spartan Assault', 'Beat Hazard', 'Just Cause 2: Multiplayer Mod', 'Dragon Nest']"
420,maxpaynepillkiller,"['Alan Wake', 'Halo: Spartan Assault', 'Beat Hazard', 'Just Cause 2: Multiplayer Mod', 'Dragon Nest']"
421,AlexNoClutch,"['RIFT', 'Alan Wake', 'Arma II: DayZ Mod', ""The Witcher: Enhanced Edition Director's Cut"", 'Bastion']"
422,76561198095481910,"['METAL GEAR SOLID V: GROUND ZEROES', ""The Witcher: Enhanced Edition Director's Cut"", 'Time Clickers', 'RIFT', 'Rome: Total War™ - Collection']"
423,AlkalineDeath,"['RIFT', 'Alan Wake', 'Arma II: DayZ Mod', ""The Witcher: Enhanced Edition Director's Cut"", 'Bastion']"
424,AlkalineDeath,"['RIFT', 'Alan Wake', 'Arma II: DayZ Mod', ""The Witcher: Enhanced Edition Director's Cut"", 'Bastion']"
425,76561198075935236,"['Guacamelee! Gold Edition', 'Trine 2: Complete Story', ""The Witcher: Enhanced Edition Director's Cut"", 'Shoppe Keep', 'RIFT']"
426,mintifreshbadger,"['Just Cause 2: Multiplayer Mod', 'Gunpoint', 'Alan Wake', 'Half-Life 2: Deathmatch', 'Trine 2: Complete Story']"
427,AlpacaRevolution,"['Magic Duels', 'Arma II: DayZ Mod', 'Rogue Legacy', 'Absolute Drift', 'Next Car Game: Wreckfest']"
428,AlpacaRevolution,"['Magic Duels', 'Arma II: DayZ Mod', 'Rogue Legacy', 'Absolute Drift', 'Next Car Game: Wreckfest']"
429,76561198071952798,"['S.T.A.L.K.E.R.: Call of Pripyat', 'Half-Life 2: Deathmatch', 'METAL GEAR SOLID V: GROUND ZEROES', 'Brawlhalla', 'IL-2 Sturmovik: 1946']"
430,smegmyfoodle,"['Tropico 4', 'Metro: Last Light Redux', 'Portal Stories: Mel', ""Sid Meier's Civilization® V"", 'BioShock Infinite']"
431,smegmyfoodle,"['Tropico 4', 'Metro: Last Light Redux', 'Portal Stories: Mel', ""Sid Meier's Civilization® V"", 'BioShock Infinite']"
432,76561198057869849,"['RIFT', 'Rogue Legacy', ""The Witcher: Enhanced Edition Director's Cut"", 'Dishonored', 'Alan Wake']"
433,76561198058836921,"['Soldier Front 2', 'Bastion', 'Mass Effect 2', 'Trine 2: Complete Story', 'Call of Duty: Black Ops - Mac Edition']"
434,lol_ursuchanoob,"['RIFT', 'Alan Wake', 'Arma II: DayZ Mod', ""The Witcher: Enhanced Edition Director's Cut"", 'Bastion']"
435,lol_ursuchanoob,"['RIFT', 'Alan Wake', 'Arma II: DayZ Mod', ""The Witcher: Enhanced Edition Director's Cut"", 'Bastion']"
436,AMV72,"[""The Witcher: Enhanced Edition Director's Cut"", 'RIFT', 'Magicite', 'Metro: Last Light Redux', 'Starbound']"
437,AMV72,"[""The Witcher: Enhanced Edition Director's Cut"", 'RIFT', 'Magicite', 'Metro: Last Light Redux', 'Starbound']"
438,AMV72,"[""The Witcher: Enhanced Edition Director's Cut"", 'RIFT', 'Magicite', 'Metro: Last Light Redux', 'Starbound']"
439,AMV72,"[""The Witcher: Enhanced Edition Director's Cut"", 'RIFT', 'Magicite', 'Metro: Last Light Redux', 'Starbound']"
440,AMV72,"[""The Witcher: Enhanced Edition Director's Cut"", 'RIFT', 'Magicite', 'Metro: Last Light Redux', 'Starbound']"
441,76561198069170979,"['Bastion', 'Dust: An Elysian Tail', 'Solar 2', 'Next Car Game: Wreckfest', 'E.Y.E: Divine Cybermancy']"
442,76561198132540690,"['Arma II: DayZ Mod', 'E.Y.E: Divine Cybermancy', 'Bastion', 'Alan Wake', 'Half-Life 2: Deathmatch']"
443,76561198132540690,"['Arma II: DayZ Mod', 'E.Y.E: Divine Cybermancy', 'Bastion', 'Alan Wake', 'Half-Life 2: Deathmatch']"
444,711armageddoncarmageddon,"['Bastion', 'Arma II: DayZ Mod', 'RIFT', 'Rome: Total War™ - Collection', ""The Witcher: Enhanced Edition Director's Cut""]"
445,711armageddoncarmageddon,"['Bastion', 'Arma II: DayZ Mod', 'RIFT', 'Rome: Total War™ - Collection', ""The Witcher: Enhanced Edition Director's Cut""]"
446,711armageddoncarmageddon,"['Bastion', 'Arma II: DayZ Mod', 'RIFT', 'Rome: Total War™ - Collection', ""The Witcher: Enhanced Edition Director's Cut""]"
447,Andraison,"['Call of Duty®: Black Ops', 'Portal Stories: Mel', 'Arma II: DayZ Mod', ""The Witcher: Enhanced Edition Director's Cut"", 'Next Car Game: Wreckfest']"
448,76561198055790408,"['RIFT', 'Alan Wake', 'Arma II: DayZ Mod', ""The Witcher: Enhanced Edition Director's Cut"", 'Bastion']"
449,76561198069560699,"['RIFT', 'Dishonored', 'Velvet Assassin', 'Call of Duty®: Black Ops', 'Shadowrun Returns']"
450,76561198069560699,"['RIFT', 'Dishonored', 'Velvet Assassin', 'Call of Duty®: Black Ops', 'Shadowrun Returns']"
451,76561198069560699,"['RIFT', 'Dishonored', 'Velvet Assassin', 'Call of Duty®: Black Ops', 'Shadowrun Returns']"
452,76561198099625419,"['RIFT', 'Homeworld Remastered Collection', 'Arma II: DayZ Mod', 'Timberman', 'METAL GEAR SOLID V: GROUND ZEROES']"
453,76561198099625419,"['RIFT', 'Homeworld Remastered Collection', 'Arma II: DayZ Mod', 'Timberman', 'METAL GEAR SOLID V: GROUND ZEROES']"
454,76561198099625419,"['RIFT', 'Homeworld Remastered Collection', 'Arma II: DayZ Mod', 'Timberman', 'METAL GEAR SOLID V: GROUND ZEROES']"
455,76561198099625419,"['RIFT', 'Homeworld Remastered Collection', 'Arma II: DayZ Mod', 'Timberman', 'METAL GEAR SOLID V: GROUND ZEROES']"
456,76561198099625419,"['RIFT', 'Homeworld Remastered Collection', 'Arma II: DayZ Mod', 'Timberman', 'METAL GEAR SOLID V: GROUND ZEROES']"
457,76561198084032274,"['RIFT', 'METAL GEAR SOLID V: GROUND ZEROES', 'Rome: Total War™ - Collection', 'Alan Wake', 'Kingdom Wars']"
458,Angrovar,"['RIFT', 'Alan Wake', 'Arma II: DayZ Mod', ""The Witcher: Enhanced Edition Director's Cut"", 'Bastion']"
459,AngryAinsley,"['RIFT', 'Alan Wake', 'Arma II: DayZ Mod', ""The Witcher: Enhanced Edition Director's Cut"", 'Bastion']"
460,uradumbtit,"['Arma II: DayZ Mod', ""The Witcher: Enhanced Edition Director's Cut"", 'Call of Duty®: Black Ops', 'Bastion', 'Transistor']"
461,uradumbtit,"['Arma II: DayZ Mod', ""The Witcher: Enhanced Edition Director's Cut"", 'Call of Duty®: Black Ops', 'Bastion', 'Transistor']"
462,IKillNoobsFirst,"['Yet Another Zombie Defense', 'Arma II: DayZ Mod', 'Age of Empires® III: Complete Collection', 'Red Crucible®: Firestorm', 'Alan Wake']"
463,76561198037888300,"['Call of Duty®: Black Ops', ""The Witcher: Enhanced Edition Director's Cut"", 'Halo: Spartan Assault', 'BioShock Infinite', 'Metro: Last Light Redux']"
464,1234865654,"['Yet Another Zombie Defense', 'RIFT', 'Mass Effect', 'Grand Theft Auto: Episodes from Liberty City', 'Magic Duels']"
465,76561198084123358,"['Alan Wake', 'Psychonauts', 'Contrast', 'Bastion', 'BIT.TRIP Presents... Runner2: Future Legend of Rhythm Alien']"
466,Apachehavoc,"['RIFT', 'Alan Wake', 'Arma II: DayZ Mod', ""The Witcher: Enhanced Edition Director's Cut"", 'Bastion']"
467,ApexNZ,"[""The Witcher: Enhanced Edition Director's Cut"", 'METAL GEAR SOLID V: GROUND ZEROES', 'RIFT', 'Lord of the Rings: War in the North', 'Transistor']"
468,ApexNZ,"[""The Witcher: Enhanced Edition Director's Cut"", 'METAL GEAR SOLID V: GROUND ZEROES', 'RIFT', 'Lord of the Rings: War in the North', 'Transistor']"
469,ApexNZ,"[""The Witcher: Enhanced Edition Director's Cut"", 'METAL GEAR SOLID V: GROUND ZEROES', 'RIFT', 'Lord of the Rings: War in the North', 'Transistor']"
470,ApexNZ,"[""The Witcher: Enhanced Edition Director's Cut"", 'METAL GEAR SOLID V: GROUND ZEROES', 'RIFT', 'Lord of the Rings: War in the North', 'Transistor']"
471,76561198039441595,"['Arma II: DayZ Mod', 'Ziggurat', 'Yet Another Zombie Defense', 'METAL GEAR SOLID V: GROUND ZEROES', 'Call of Duty®: Black Ops']"
472,76561198039441595,"['Arma II: DayZ Mod', 'Ziggurat', 'Yet Another Zombie Defense', 'METAL GEAR SOLID V: GROUND ZEROES', 'Call of Duty®: Black Ops']"
473,76561198039441595,"['Arma II: DayZ Mod', 'Ziggurat', 'Yet Another Zombie Defense', 'METAL GEAR SOLID V: GROUND ZEROES', 'Call of Duty®: Black Ops']"
474,76561198039441595,"['Arma II: DayZ Mod', 'Ziggurat', 'Yet Another Zombie Defense', 'METAL GEAR SOLID V: GROUND ZEROES', 'Call of Duty®: Black Ops']"
475,76561198039441595,"['Arma II: DayZ Mod', 'Ziggurat', 'Yet Another Zombie Defense', 'METAL GEAR SOLID V: GROUND ZEROES', 'Call of Duty®: Black Ops']"
476,76561198039441595,"['Arma II: DayZ Mod', 'Ziggurat', 'Yet Another Zombie Defense', 'METAL GEAR SOLID V: GROUND ZEROES', 'Call of Duty®: Black Ops']"
477,76561198039441595,"['Arma II: DayZ Mod', 'Ziggurat', 'Yet Another Zombie Defense', 'METAL GEAR SOLID V: GROUND ZEROES', 'Call of Duty®: Black Ops']"
478,76561198039441595,"['Arma II: DayZ Mod', 'Ziggurat', 'Yet Another Zombie Defense', 'METAL GEAR SOLID V: GROUND ZEROES', 'Call of Duty®: Black Ops']"
479,76561198036687918,"['Call of Duty®: Black Ops', 'Magicite', 'Dying Light', 'Yet Another Zombie Defense', 'Gunpoint']"
480,benjamin27,"['RIFT', 'Alan Wake', 'Arma II: DayZ Mod', ""The Witcher: Enhanced Edition Director's Cut"", 'Bastion']"
481,AppoGetsSuperAdmin,"['Gunpoint', 'Bastion', ""King Arthur's Gold"", 'Solar 2', 'Mark of the Ninja']"
482,AppoGetsSuperAdmin,"['Gunpoint', 'Bastion', ""King Arthur's Gold"", 'Solar 2', 'Mark of the Ninja']"
483,76561198049916759,"['RIFT', 'Age of Empires® III: Complete Collection', 'Halo: Spartan Assault', 'Half-Life 2: Deathmatch', 'Just Cause 2: Multiplayer Mod']"
484,76561198049916759,"['RIFT', 'Age of Empires® III: Complete Collection', 'Halo: Spartan Assault', 'Half-Life 2: Deathmatch', 'Just Cause 2: Multiplayer Mod']"
485,XABLAUziitu,"['Dying Light', 'GRID 2', 'Arma II: DayZ Mod', 'Just Cause 2: Multiplayer Mod', 'Alan Wake']"
486,XABLAUziitu,"['Dying Light', 'GRID 2', 'Arma II: DayZ Mod', 'Just Cause 2: Multiplayer Mod', 'Alan Wake']"
487,XABLAUziitu,"['Dying Light', 'GRID 2', 'Arma II: DayZ Mod', 'Just Cause 2: Multiplayer Mod', 'Alan Wake']"
488,XABLAUziitu,"['Dying Light', 'GRID 2', 'Arma II: DayZ Mod', 'Just Cause 2: Multiplayer Mod', 'Alan Wake']"
489,76561198012909706,"['RIFT', 'Alan Wake', 'Arma II: DayZ Mod', ""The Witcher: Enhanced Edition Director's Cut"", 'Bastion']"
490,dragonchief,"['RIFT', 'Soldier Front 2', 'Rogue Legacy', 'Just Cause 2: Multiplayer Mod', 'Mark of the Ninja']"
491,76561198040530605,"['Royal Quest', 'Not The Robots', 'Just Cause 2: Multiplayer Mod', 'FINAL FANTASY XIV Online', 'Screencheat']"
492,76561198040530605,"['Royal Quest', 'Not The Robots', 'Just Cause 2: Multiplayer Mod', 'FINAL FANTASY XIV Online', 'Screencheat']"
493,76561198040530605,"['Royal Quest', 'Not The Robots', 'Just Cause 2: Multiplayer Mod', 'FINAL FANTASY XIV Online', 'Screencheat']"
494,76561198040530605,"['Royal Quest', 'Not The Robots', 'Just Cause 2: Multiplayer Mod', 'FINAL FANTASY XIV Online', 'Screencheat']"
495,76561197974500703,"['Monster Loves You!', 'Halo: Spartan Assault', 'Arma II: DayZ Mod', 'Dust: An Elysian Tail', 'The Sims™ 3']"
496,76561197974500703,"['Monster Loves You!', 'Halo: Spartan Assault', 'Arma II: DayZ Mod', 'Dust: An Elysian Tail', 'The Sims™ 3']"
497,76561197974500703,"['Monster Loves You!', 'Halo: Spartan Assault', 'Arma II: DayZ Mod', 'Dust: An Elysian Tail', 'The Sims™ 3']"
498,76561197974500703,"['Monster Loves You!', 'Halo: Spartan Assault', 'Arma II: DayZ Mod', 'Dust: An Elysian Tail', 'The Sims™ 3']"
499,76561197974500703,"['Monster Loves You!', 'Halo: Spartan Assault', 'Arma II: DayZ Mod', 'Dust: An Elysian Tail', 'The Sims™ 3']"
